Date,Open,Low,High,Volume,Close
2013-01-02,62.897099,62.264599,63.1782,48000711,62.3349
2013-01-03,62.826801,62.3349,63.037601,46741391,62.616001
2013-01-04,62.053699,61.7024,62.475399,60689245,61.842899
2013-01-07,61.842899,60.929298,61.842899,66379662,60.999599
2013-01-08,60.999599,60.788799,61.491501,64009011,61.140202
2013-01-09,61.7024,61.280701,62.194302,39044600,61.7024
2013-01-10,62.124001,61.421299,62.264599,57738026,62.264599
2013-01-11,62.897099,62.264599,63.037601,44389238,62.264599
2013-01-14,62.124001,60.8591,62.194302,72737448,61.280701
2013-01-15,60.788799,59.031898,60.788799,152223995,59.172401
2013-01-16,58.6805,58.4697,59.804901,102814554,59.031898
2013-01-17,59.7346,58.820999,59.945499,53494759,58.961601
2013-01-18,59.664398,59.383301,60.015701,49094967,60.015701
2013-01-21,59.7346,59.313,59.875198,24675550,59.453499
2013-01-22,59.594101,59.5238,60.3671,41789490,60.015701
2013-01-23,60.5779,59.7346,60.5779,40726539,59.7346
2013-01-24,58.6805,57.8372,58.750801,127491527,57.977699
2013-01-25,57.8372,57.766899,58.610199,46133787,58.610199
2013-01-28,58.539902,58.539902,58.8913,23540028,58.750801
2013-01-29,59.031898,58.961601,59.7346,45060875,59.664398
2013-01-30,59.945499,59.594101,60.015701,30700363,59.664398
2013-01-31,59.242699,59.242699,59.664398,29364203,59.313
2013-02-01,59.383301,59.1021,59.7346,25486637,59.453499
2013-02-04,59.383301,58.8913,59.383301,45015341,59.031898
2013-02-05,58.6805,58.188599,58.6805,44389238,58.399399
2013-02-06,58.6805,58.399399,59.383301,40922908,58.750801
2013-02-18,59.594101,58.118301,59.594101,52021996,58.188599
2013-02-19,58.961601,58.610199,59.313,33502171,59.1021
2013-02-20,59.383301,59.172401,59.804901,35386170,59.594101
2013-02-21,59.5238,58.4697,59.594101,46701548,58.4697
2013-02-22,58.048,58.048,58.4697,35423167,58.4697
2013-02-25,58.4697,58.188599,58.6805,22720403,58.188599
2013-02-26,57.8372,57.415501,58.048,56616734,57.415501
2013-02-27,57.907501,57.415501,57.977699,43488504,57.415501
2013-03-01,57.415501,56.9939,58.118301,56076009,57.3452
2013-03-04,57.3452,56.431702,57.485802,52803201,56.572201
2013-03-05,56.923599,56.009998,56.9939,68458607,56.220798
2013-03-06,56.572201,56.080299,57.134399,88663217,56.572201
2013-03-07,56.642502,56.361401,57.275002,52357814,56.5019
2013-03-08,56.923599,56.572201,57.134399,43958081,56.572201
2013-03-11,56.572201,56.080299,56.783001,32087749,56.572201
2013-03-12,56.220798,56.220798,57.064201,36396472,56.572201
2013-03-13,56.572201,56.220798,56.923599,41186155,56.220798
2013-03-14,56.572201,56.2911,57.064201,31110175,56.572201
2013-03-15,56.9939,56.712799,57.275002,53907418,56.712799
2013-03-18,56.923599,56.923599,57.766899,47906795,57.275002
2013-03-19,57.696602,57.485802,58.820999,75577676,58.4697
2013-03-20,58.6805,57.6264,58.6805,46166515,57.696602
2013-03-21,58.4697,57.696602,58.4697,33853642,57.696602
2013-03-22,58.188599,58.048,58.961601,60078795,58.258801
2013-03-25,58.6805,57.907501,58.820999,34331757,57.907501
2013-03-26,59.172401,58.6805,59.172401,70164736,58.6805
2013-03-27,59.1021,58.539902,59.242699,47565285,58.6805
2013-03-28,58.8913,58.048,58.8913,41032475,58.118301
2013-03-29,58.6805,58.188599,58.6805,23616868,58.539902
2013-04-01,58.539902,58.118301,58.539902,15820470,58.188599
2013-04-02,58.539902,58.188599,58.6805,20869132,58.399399
2013-04-03,58.539902,58.188599,58.610199,23074720,58.399399
2013-04-08,57.275002,56.712799,57.275002,67761357,56.783001
2013-04-09,56.853298,56.572201,57.064201,34767182,56.572201
2013-04-10,56.853298,56.572201,57.064201,31100214,56.642502
2013-04-11,56.5019,56.080299,56.853298,47942369,56.572201
2013-04-12,56.361401,55.166698,56.572201,107510322,55.237
2013-04-15,55.166698,53.620602,55.237,112832193,54.1828
2013-04-16,53.480099,53.058399,54.1828,100907788,54.112499
2013-04-17,54.3937,54.3937,55.0261,58062461,54.6045
2013-04-18,53.550301,53.1287,54.112499,64471473,53.901699
2013-04-19,53.7612,53.7612,55.166698,68699087,54.534199
2013-04-22,54.534199,53.901699,54.534199,31845845,54.042301
2013-04-23,53.831501,53.409801,53.972,51526806,53.550301
2013-04-24,53.901699,53.831501,54.885601,45920343,54.885601
2013-04-25,54.8153,54.112499,54.8153,32804921,54.3937
2013-04-26,54.112499,53.409801,54.1828,95583071,53.550301
2013-04-29,53.690899,53.058399,53.901699,67738589,53.058399
2013-04-30,53.409801,53.409801,54.042301,73036270,53.550301
2013-05-02,53.831501,53.269199,54.3937,57790676,53.690899
2013-05-03,53.972,53.972,54.674801,66080841,54.463902
2013-05-06,55.166698,54.744999,55.307301,49282798,54.744999
2013-05-07,55.096401,54.463902,55.096401,51821358,54.463902
2013-05-08,54.955898,54.674801,56.080299,124240063,56.080299
2013-05-09,56.923599,56.923599,57.6264,149281314,57.3452
2013-05-10,57.3452,56.431702,57.415501,102157147,56.572201
2013-05-13,56.783001,55.939701,57.134399,76263543,55.939701
2013-05-14,56.431702,55.4478,56.572201,52197020,55.6586
2013-05-15,54.885601,54.112499,55.096401,116970160,54.955898
2013-05-16,55.096401,54.744999,55.6586,97223744,55.307301
2013-05-17,54.955898,54.534199,55.0261,98840227,54.534199
2013-05-20,54.534199,54.042301,54.885601,68072985,54.1828
2013-05-21,54.1828,54.1828,54.744999,51021655,54.323399
2013-05-22,55.096401,54.674801,55.096401,45490609,55.0261
2013-05-23,54.885601,54.112499,54.955898,73567034,54.1828
2013-05-24,54.112499,53.831501,54.463902,61175898,54.042301
2013-05-27,54.3937,53.972,54.3937,23682324,54.323399
2013-05-28,54.323399,54.112499,54.463902,28030890,54.112499
2013-05-29,54.534199,54.3937,55.096401,63488208,55.0261
2013-05-30,54.6045,54.1828,54.955898,49215919,54.253101
2013-05-31,54.6045,53.901699,54.744999,80158184,53.901699
2013-06-03,53.901699,53.690899,54.1828,41726880,53.7612
2013-06-04,54.112499,53.550301,54.1828,41672807,53.550301
2013-06-05,53.901699,53.269199,53.901699,47975097,53.269199
2013-06-06,53.058399,52.707001,53.3395,76708929,52.707001
2013-06-07,52.777302,52.707001,53.058399,53624249,52.847599
2013-06-10,53.409801,53.199001,53.7612,45019609,53.550301
2013-06-11,53.550301,52.707001,53.550301,56312220,52.707001
2013-06-13,52.0746,51.512299,52.215099,95627183,51.5826
2013-06-14,51.863701,50.598801,52.004299,74204520,51.020401
2013-06-17,51.020401,49.755402,51.160999,93041665,49.966301
2013-06-18,49.966301,49.896,50.387901,49018127,50.247398
2013-06-19,50.036499,49.966301,51.231201,47625049,50.598801
2013-06-20,50.1068,49.544601,50.177101,61358037,49.6852
2013-06-21,48.701302,48.349899,49.333801,76384494,49.193199
2013-06-24,49.333801,49.193199,49.6852,42576387,49.404099
2013-06-25,49.404099,49.193199,50.1068,53809234,49.333801
2013-06-26,50.809601,50.036499,51.442101,80472659,51.301498
2013-06-27,51.863701,50.9501,51.863701,79223300,51.301498
2013-06-28,51.863701,51.512299,52.004299,53753738,52.004299
2013-07-01,52.004299,51.652901,52.355701,37213251,52.0746
2013-07-02,52.636799,51.512299,52.636799,35488623,51.512299
2013-07-03,52.355701,51.301498,52.355701,38028607,51.442101
2013-07-04,51.863701,50.9501,51.863701,28311213,51.020401
2013-07-05,51.652901,51.371799,52.566502,45881923,52.4259
2013-07-08,52.4259,51.5826,52.4259,33677195,51.5826
2013-07-09,51.442101,51.442101,52.496201,38491069,52.355701
2013-07-10,52.777302,52.777302,53.7612,67796931,53.3395
2013-07-11,54.463902,54.323399,54.8153,131777483,54.8153
2013-07-12,54.8153,54.534199,54.955898,54718505,54.8153
2013-07-15,54.8153,54.674801,55.307301,50442510,55.166698
2013-07-16,55.377499,54.674801,55.377499,40211428,55.096401
2013-07-17,55.096401,54.323399,55.096401,48551396,54.3937
2013-07-18,54.744999,54.253101,55.0261,40345186,54.8153
2013-07-19,54.674801,54.253101,54.885601,46522255,54.3937
2013-07-22,54.8153,54.534199,55.096401,38162365,54.534199
2013-07-23,54.8153,54.674801,54.955898,40784880,54.744999
2013-07-24,55.237,55.0261,55.728901,54732735,55.518101
2013-07-25,55.588299,55.237,55.939701,40403527,55.6586
2013-07-26,55.728901,55.237,55.939701,28338249,55.4478
2013-07-29,55.8694,55.166698,55.939701,20502008,55.237
2013-07-30,55.237,55.0261,55.4478,31838731,55.307301
2013-07-31,55.518101,54.674801,55.588299,27404787,54.674801
2013-08-01,54.3937,53.409801,54.3937,52956881,53.831501
2013-08-02,54.3937,53.972,54.8153,26430060,54.042301
2013-08-05,54.463902,54.1828,55.518101,36069191,55.518101
2013-08-06,55.307301,54.463902,55.307301,30023034,54.885601
2013-08-07,54.6045,54.112499,54.6045,34627732,54.1828
2013-08-08,54.674801,53.831501,54.674801,30277744,54.112499
2013-08-09,53.831501,53.480099,54.112499,39240969,53.620602
2013-08-12,53.7612,53.620602,54.955898,27343600,54.463902
2013-08-13,55.4478,55.166698,55.6586,60206862,55.588299
2013-08-14,55.518101,55.096401,55.799198,50879359,55.588299
2013-08-15,55.377499,55.0261,55.518101,29300170,55.166698
2013-08-16,55.166698,55.0261,55.8694,34751530,55.588299
2013-08-19,55.8694,55.166698,56.009998,36551574,55.799198
2013-08-20,55.939701,55.728901,56.572201,64064507,56.2911
2013-08-22,56.1506,55.728901,56.712799,67324508,56.712799
2013-08-23,56.9939,56.572201,56.9939,46416956,56.572201
2013-08-26,56.853298,56.642502,57.2047,36803438,57.134399
2013-08-27,56.923599,56.1506,57.064201,46940605,56.220798
2013-08-28,55.518101,55.518101,56.009998,33312917,55.728901
2013-08-29,55.728901,55.728901,56.220798,28005276,56.080299
2013-08-30,56.572201,56.361401,57.064201,41850677,57.064201
2013-09-02,57.064201,56.853298,57.415501,40991210,57.3452
2013-09-03,57.6264,57.415501,57.907501,44086148,57.6264
2013-09-04,57.6264,57.134399,57.766899,40505980,57.6264
2013-09-05,57.6264,57.485802,57.907501,66547572,57.766899
2013-09-06,57.766899,57.6264,58.329102,134001569,58.258801
2013-09-09,58.209599,58.132301,59.5238,154793470,59.5238
2013-09-10,60.064899,58.750801,60.219501,77737598,59.5238
2013-09-11,58.750801,57.7458,58.905399,109218648,58.750801
2013-09-12,57.4366,57.4366,58.209599,80597748,57.823101
2013-09-13,57.668499,57.668499,58.209599,31420250,57.977699
2013-09-16,58.209599,58.209599,58.750801,44724926,58.750801
2013-09-17,58.441601,58.3643,58.750801,30156403,58.6735
2013-09-18,58.6735,58.596199,58.9827,35263536,58.6735
2013-09-23,58.905399,58.6735,59.060001,38811881,58.905399
2013-09-24,59.369202,59.137299,59.678398,33632306,59.446499
2013-09-25,59.291901,59.060001,59.369202,25747814,59.369202
2013-09-26,59.5238,58.596199,59.5238,30933857,58.596199
2013-09-27,58.750801,58.518902,59.060001,26737418,58.9827
2013-09-30,58.596199,58.132301,58.750801,31699668,58.6735
2013-10-01,58.905399,58.2869,58.9827,18014674,58.3643
2013-10-02,58.3643,57.977699,58.6735,30323278,57.977699
2013-10-03,57.977699,57.977699,58.828098,34064369,58.750801
2013-10-04,58.3643,58.209599,58.750801,21771288,58.6735
2013-10-07,58.6735,58.055,58.6735,26019470,58.132301
2013-10-08,58.132301,57.977699,58.596199,26988377,58.596199
2013-10-09,58.518902,58.209599,58.596199,19164684,58.209599
2013-10-11,59.369202,58.2869,59.369202,49081771,58.2869
2013-10-14,58.2869,57.2047,58.3643,56875711,57.2047
2013-10-15,57.359299,56.5863,57.591202,58252102,57.050098
2013-10-16,56.972801,56.818199,57.359299,29826535,56.818199
2013-10-17,56.8955,56.354401,57.127399,53782714,56.972801
2013-10-18,57.513901,57.282001,57.977699,30554832,57.977699
2013-10-21,58.3643,57.977699,58.3643,25918570,58.055
2013-10-22,58.055,57.7458,58.3643,22958813,58.3643
2013-10-23,58.596199,58.209599,58.9827,29823948,58.209599
2013-10-24,58.209599,58.209599,58.596199,20442761,58.596199
2013-10-25,58.596199,58.132301,58.750801,24900506,58.132301
2013-10-28,58.132301,57.668499,58.209599,24683182,57.977699
2013-10-29,57.668499,57.127399,57.977699,61601232,57.2047
2013-10-30,57.2047,57.2047,57.977699,27000019,57.977699
2013-10-31,57.977699,57.513901,58.518902,44775377,57.591202
2013-11-01,57.977699,57.282001,58.055,28219884,57.513901
2013-11-04,57.282001,56.663601,57.282001,36736946,57.2047
2013-11-05,57.823101,56.8955,58.2869,29666129,56.8955
2013-11-06,56.8955,56.8955,57.591202,24116585,57.513901
2013-11-07,57.591202,57.2047,57.823101,18762374,57.591202
2013-11-08,57.2047,57.050098,57.591202,23202010,57.127399
2013-11-11,57.668499,57.513901,58.209599,40695362,57.900398
2013-11-12,57.977699,57.4366,58.132301,31059336,57.591202
2013-11-13,57.359299,57.2047,57.7458,32361991,57.513901
2013-11-14,58.441601,58.132301,58.6735,68543983,58.2869
2013-11-15,58.518902,58.209599,58.750801,29284517,58.209599
2013-11-18,58.441601,58.209599,58.596199,28899024,58.441601
2013-11-19,58.596199,58.3643,58.6735,27939173,58.596199
2013-11-20,58.750801,58.055,58.750801,29933904,58.596199
2013-11-21,58.441601,57.823101,58.441601,47008130,57.977699
2013-11-22,58.209599,57.668499,58.518902,37147018,57.668499
2013-11-25,57.977699,57.977699,58.441601,34057901,58.055
2013-11-26,58.2869,58.055,58.518902,34607681,58.3643
2013-11-27,58.596199,58.209599,58.596199,23485308,58.2869
2013-11-28,58.596199,58.518902,58.750801,30999830,58.6735
2013-11-29,58.750801,58.750801,60.606098,125727571,60.296799
2013-12-02,60.915298,60.4515,61.3018,54542057,60.4515
2013-12-03,60.528801,60.1422,60.683399,32897542,60.3741
2013-12-04,60.683399,60.4515,61.379101,53209649,61.069901
2013-12-05,61.069901,60.528801,61.3018,42766416,60.606098
2013-12-06,60.606098,60.606098,61.224499,59493958,60.683399
2013-12-09,61.3018,61.069901,61.688301,58355590,61.533699
2013-12-10,61.533699,61.3018,61.765598,44721046,61.765598
2013-12-11,62.1521,60.4515,62.383999,107187696,60.4515
2013-12-12,60.4515,59.987598,60.992599,43731442,60.683399
2013-12-13,61.069901,60.4515,61.069901,29453978,60.683399
2013-12-16,60.528801,59.987598,60.606098,31045106,59.987598
2013-12-17,60.7607,60.3741,60.838001,22268030,60.3741
2013-12-18,60.7607,60.683399,61.069901,37334590,60.992599
2013-12-19,61.456402,60.992599,61.533699,29001218,61.3018
2013-12-20,61.224499,60.915298,61.224499,27514872,61.069901
2013-12-23,61.456402,60.915298,61.456402,23125687,61.069901
2013-12-24,61.456402,61.147202,61.456402,20539781,61.147202
2013-12-25,61.069901,61.069901,61.379101,17537335,61.069901
2013-12-26,61.069901,60.915298,61.379101,18814118,61.3018
2013-12-27,61.3018,61.147202,61.842899,45705475,61.765598
2013-12-30,61.842899,61.842899,62.1521,36945216,62.074799
2013-12-31,62.074799,61.765598,62.229401,30504382,61.9202
2014-01-02,62.074799,61.688301,62.229401,30297406,62.1521
2014-01-03,61.379101,61.3018,61.765598,49907088,61.379101
2014-01-06,61.456402,60.992599,61.611,24658603,61.069901
2014-01-07,61.379101,60.992599,61.533699,27093158,61.069901
2014-01-08,61.456402,61.224499,61.688301,31866542,61.456402
2014-01-09,61.224499,61.147202,62.693298,87544380,62.229401
2014-01-10,62.616001,62.5387,63.002499,68869970,62.770599
2014-01-13,63.389,63.002499,63.466301,67360339,63.234402
2014-01-14,63.234402,62.925201,63.620899,74581214,63.620899
2014-01-15,64.007401,63.852798,64.393898,112218506,64.393898
2014-01-16,64.935097,64.703102,65.167,82529093,64.857803
2014-01-17,65.089699,64.239304,65.089699,59259816,64.780502
2014-01-20,64.780502,64.625801,65.862701,81086729,65.862701
2014-01-21,66.094597,65.167,66.403801,59911790,65.321602
2014-01-22,65.321602,64.780502,65.630798,49667772,65.089699
2014-01-23,65.012398,64.703102,65.321602,43239874,64.857803
2014-01-24,64.703102,64.703102,65.862701,69836290,65.708099
2014-01-27,65.476196,64.857803,66.017303,84580742,65.630798
2014-02-05,63.620899,62.616001,63.620899,143624527,62.8479
2014-02-06,62.8479,62.616001,63.311699,62448540,63.311699
2014-02-07,63.930099,62.925201,63.930099,44669302,62.925201
2014-02-10,63.002499,63.002499,63.543598,42448190,63.157101
2014-02-11,62.693298,62.074799,62.693298,60581875,62.1521
2014-02-12,62.5387,62.5387,63.6982,50709120,63.620899
2014-02-13,63.775501,63.389,64.316597,44532180,63.930099
2014-02-14,64.625801,64.316597,64.935097,59623318,64.548599
2014-02-17,65.089699,64.471199,65.167,24960012,64.548599
2014-02-18,64.548599,64.239304,64.780502,19729987,64.780502
2014-02-19,64.935097,64.703102,64.935097,32478415,64.935097
2014-02-20,64.703102,64.007401,64.703102,29206901,64.007401
2014-02-21,64.548599,64.007401,64.857803,35787444,64.703102
2014-02-24,64.625801,63.852798,64.703102,25331275,63.930099
2014-02-25,64.162003,63.930099,64.471199,30422885,64.007401
2014-02-26,64.007401,64.007401,64.780502,34757738,64.625801
2014-02-27,64.625801,64.625801,65.089699,44560639,64.935097
2014-03-03,64.780502,63.6982,64.780502,46506214,64.239304
2014-03-04,64.007401,63.930099,64.548599,22251214,64.007401
2014-03-05,64.471199,64.084702,64.703102,20996422,64.162003
2014-03-06,64.703102,64.548599,65.321602,53763310,65.244301
2014-03-07,65.553497,65.167,65.862701,61751290,65.476196
2014-03-10,65.321602,64.857803,65.862701,29553586,65.398903
2014-03-11,65.398903,65.089699,65.553497,27226399,65.089699
2014-03-12,65.089699,64.857803,65.476196,24716815,65.476196
2014-03-13,65.708099,65.708099,67.099602,103030066,66.558403
2014-03-14,65.862701,65.862701,66.635696,38190953,66.094597
2014-03-17,66.249199,66.017303,67.022301,42300720,67.022301
2014-03-18,67.022301,66.403801,67.254204,41926870,66.481102
2014-03-19,66.403801,65.862701,66.635696,28954649,65.940002
2014-03-20,65.553497,64.935097,65.553497,47607067,65.244301
2014-03-21,65.7854,65.398903,65.862701,31019234,65.476196
2014-03-24,65.244301,65.244301,66.481102,41505156,66.481102
2014-03-25,66.481102,66.249199,66.790398,24976829,66.249199
2014-03-26,66.867699,66.3265,66.867699,30336214,66.481102
2014-03-27,66.867699,66.481102,66.945,27016836,66.713097
2014-03-28,66.713097,66.403801,66.790398,24985884,66.713097
2014-03-31,66.635696,66.017303,66.713097,42577550,66.713097
2014-04-01,66.867699,66.3265,66.867699,32867789,66.635696
2014-04-02,66.867699,66.3265,66.867699,36302297,66.635696
2014-04-03,66.713097,66.481102,66.867699,23588796,66.635696
2014-04-07,66.558403,66.171898,66.713097,31028290,66.713097
2014-04-08,66.713097,66.481102,66.945,21402612,66.790398
2014-04-09,66.867699,66.713097,66.945,19868402,66.867699
2014-04-10,67.099602,66.249199,67.176903,25546013,67.099602
2014-04-11,66.790398,66.249199,66.790398,31819973,66.558403
2014-04-14,66.481102,66.094597,67.099602,43943592,66.945
2014-04-15,67.254204,67.176903,68.027199,65586814,67.408798
2014-04-16,67.640701,67.254204,68.027199,44427398,67.640701
2014-04-17,68.027199,67.718002,68.027199,31659566,67.949898
2014-04-18,68.336403,67.872597,68.336403,18852926,68.027199
2014-04-21,67.872597,67.795303,68.259102,10122420,67.949898
2014-04-22,67.640701,67.640701,68.1045,17649878,67.872597
2014-04-23,68.413696,68.259102,68.645599,32528866,68.490997
2014-04-24,68.800201,68.181801,68.800201,32329651,68.490997
2014-04-25,68.490997,66.558403,68.645599,57505694,67.254204
2014-04-28,65.7854,65.7854,67.176903,33695693,66.790398
2014-04-29,67.254204,67.022301,67.949898,26728363,67.872597
2014-04-30,67.795303,66.867699,67.795303,31891121,66.945
2014-05-02,67.486099,67.254204,68.645599,49729865,68.645599
2014-05-05,68.7229,68.181801,68.800201,24617208,68.568298
2014-05-06,68.800201,68.413696,69.186798,21604414,68.800201
2014-05-07,69.032204,68.413696,69.032204,24720696,68.645599
2014-05-08,69.264099,68.645599,69.264099,21265490,68.877502
2014-05-09,69.186798,68.336403,69.186798,26000066,69.109497
2014-05-12,69.109497,67.795303,69.109497,37494996,67.795303
2014-05-13,68.413696,67.795303,68.413696,16858195,67.949898
2014-05-14,68.259102,67.718002,68.413696,30033511,68.181801
2014-05-15,68.413696,68.027199,68.490997,30876938,68.490997
2014-05-16,68.490997,68.181801,68.7229,21891593,68.645599
2014-05-19,68.800201,68.7229,69.418701,29437162,69.418701
2014-05-20,69.573303,69.3414,70.191704,54179849,70.037102
2014-05-21,70.037102,69.573303,70.268997,24944489,69.573303
2014-05-22,69.8825,69.805199,71.351303,50102422,71.1194
2014-05-23,71.042099,71.042099,72.2789,47912357,71.892403
2014-05-26,72.2789,71.505898,72.356201,24593923,71.505898
2014-05-27,71.583199,70.887497,71.737801,29399647,71.737801
2014-05-28,71.892403,71.737801,72.510803,35279059,72.201599
2014-05-29,72.588097,71.583199,72.588097,29952014,72.2789
2014-05-30,72.588097,71.428596,72.588097,42470182,71.428596
2014-06-03,72.046997,71.505898,72.588097,29686826,71.892403
2014-06-04,72.510803,71.892403,72.510803,19420817,71.969704
2014-06-05,72.201599,71.505898,72.2789,23684522,71.815102
2014-06-06,72.2789,71.969704,72.2789,18952534,72.046997
2014-06-09,72.124298,71.969704,72.2789,15969492,72.2789
2014-06-10,72.356201,72.2789,72.742699,24117878,72.742699
2014-06-11,72.2789,71.969704,72.510803,19894274,72.510803
2014-06-12,72.201599,72.046997,72.433502,17664108,72.201599
2014-06-13,72.201599,71.969704,72.201599,15312343,72.046997
2014-06-16,72.046997,71.6605,72.124298,21870895,71.6605
2014-06-17,71.892403,71.505898,72.897301,35599872,72.665398
2014-06-18,72.665398,72.124298,72.974602,33606434,72.742699
2014-06-19,72.82,72.588097,72.974602,15364087,72.588097
2014-06-20,72.974602,72.82,73.361198,22825572,72.897301
2014-06-23,73.283897,73.283897,76.221397,88562443,75.448402
2014-06-24,75.757599,75.371101,76.298698,53204474,75.912201
2014-06-25,75.912201,74.598,76.144096,37031887,74.598
2014-06-26,75.757599,75.680298,76.375999,40701830,76.144096
2014-06-27,76.4533,76.066803,76.530602,37236276,76.221397
2014-06-30,76.530602,76.4533,77.303596,50366316,77.303596
2014-07-01,77.690201,77.303596,78.849701,46326403,78.849701
2014-07-02,79.236198,78.849701,81.1688,73758485,79.622803
2014-07-03,80.0093,79.622803,80.782303,39527242,80.395798
2014-07-04,80.782303,79.236198,80.782303,31195164,79.622803
2014-07-07,78.849701,78.463203,80.0093,33162730,80.0093
2014-07-08,80.395798,80.0093,80.782303,27785234,80.782303
2014-07-09,80.395798,80.0093,81.1688,31095557,81.1688
2014-07-10,81.1688,81.1688,83.874496,64560989,83.874496
2014-07-11,84.261002,83.4879,86.580101,88597370,84.261002
2014-07-14,84.261002,84.261002,87.353104,85403472,85.033997
2014-07-15,85.420502,84.261002,86.193604,63862445,85.807098
2014-07-16,85.807098,82.714897,85.807098,54512304,83.101402
2014-07-17,82.714897,81.1688,83.4879,52584840,82.3284
2014-07-18,80.782303,80.782303,83.101402,36092734,83.101402
2014-07-21,84.261002,83.874496,85.420502,39888156,85.420502
2014-07-22,85.420502,83.101402,85.420502,32534040,85.033997
2014-07-23,85.033997,85.033997,85.033997,0,85.033997
2014-07-24,85.807098,83.874496,86.580101,42966924,85.420502
2014-07-25,84.647499,82.714897,85.420502,32552150,83.4879
2014-07-28,82.714897,81.1688,83.4879,48193068,81.1688
2014-07-29,81.941902,78.849701,82.714897,63880555,81.1688
2014-07-30,81.941902,80.782303,82.714897,40374550,80.782303
2014-07-31,80.782303,79.236198,81.1688,38039602,80.0093
2014-08-01,78.076698,77.690201,79.236198,38954177,78.849701
2014-08-04,78.849701,78.849701,81.555397,29322031,81.555397
2014-08-05,81.1688,78.849701,81.1688,40498735,78.849701
2014-08-06,78.849701,78.076698,80.0093,30954554,80.0093
2014-08-07,80.782303,79.236198,80.782303,19940844,80.0093
2014-08-08,80.0093,78.463203,80.0093,25094546,79.236198
2014-08-11,78.076698,77.690201,81.1688,45085841,80.395798
2014-08-12,80.395798,80.0093,81.555397,28617019,80.782303
2014-08-13,80.782303,80.782303,82.3284,33837989,81.941902
2014-08-14,84.647499,83.4879,85.807098,49647074,84.261002
2014-08-15,84.261002,82.714897,84.647499,36663211,83.101402
2014-08-18,83.4879,83.101402,83.874496,24119172,83.101402
2014-08-19,83.874496,83.101402,84.647499,27605424,83.874496
2014-08-20,84.647499,82.714897,84.647499,34727986,83.874496
2014-08-21,83.874496,83.101402,83.874496,19306980,83.874496
2014-08-22,84.261002,83.874496,85.033997,45516610,85.033997
2014-08-25,85.033997,84.647499,85.807098,32870376,85.420502
2014-08-26,85.420502,84.647499,85.807098,50838480,85.033997
2014-08-27,85.033997,85.033997,86.580101,108116501,86.580101
2014-08-28,87.013,87.013,90.043297,118828710,88.311699
2014-08-29,88.311699,87.4459,89.177498,46637745,88.311699
2014-09-01,89.177498,87.878799,89.610397,33344850,87.878799
2014-09-02,87.878799,87.013,88.311699,25167450,87.013
2014-09-03,87.4459,86.580101,87.878799,33977790,87.4459
2014-09-04,87.013,86.147202,87.013,48791820,86.4935
2014-09-05,86.147202,85.367996,87.013,42143640,87.013
2014-09-09,87.4459,87.013,88.311699,28717920,88.311699
2014-09-10,87.4459,86.233803,87.878799,34125630,87.4459
2014-09-11,87.013,86.580101,87.878799,19980345,86.580101
2014-09-12,87.013,85.800903,87.013,26775210,86.0606
2014-09-15,86.0606,85.887497,87.4459,18489240,87.4459
2014-09-16,87.4459,86.147202,87.4459,18194715,86.147202
2014-09-17,86.580101,86.580101,87.878799,31882620,87.4459
2014-09-18,87.013,87.013,88.311699,25128180,88.311699
2014-09-19,88.744598,87.4459,89.177498,37273005,87.4459
2014-09-22,87.013,86.233803,87.013,28555065,87.013
2014-09-23,87.013,86.406898,87.4459,18379515,87.013
2014-09-24,86.580101,86.580101,87.4459,19442115,87.013
2014-09-25,87.4459,86.233803,88.744598,39601485,86.580101
2014-09-26,85.714302,84.069298,85.714302,67261425,84.069298
2014-09-29,84.675301,84.069298,85.021698,44529870,84.502197
2014-09-30,84.415604,82.077904,84.415604,60756465,83.116898
2014-10-01,83.549797,82.683998,85.367996,34430550,85.194801
2014-10-02,84.675301,84.069298,85.194801,27275325,84.415604
2014-10-03,84.848503,84.761902,86.320396,27524805,85.973999
2014-10-06,86.320396,85.281403,86.320396,26317830,85.281403
2014-10-07,85.367996,83.982697,85.714302,31201170,84.502197
2014-10-08,83.549797,83.549797,84.502197,25245990,83.7229
2014-10-09,85.021698,83.7229,85.1082,27780060,84.502197
2014-10-13,82.251099,82.251099,83.7229,41014050,82.943703
2014-10-14,82.770599,82.251099,83.203499,37668015,83.116898
2014-10-15,82.683998,80,82.857101,95323305,80.9524
2014-10-16,80.519501,78.441597,80.865799,60270210,79.826797
2014-10-17,80.086601,77.056297,80.346298,75543930,77.056297
2014-10-20,78.787903,78.6147,80.865799,40220565,80.692596
2014-10-21,81.3853,80.519501,81.9048,42119385,80.9524
2014-10-22,82.251099,81.3853,82.683998,39080580,81.3853
2014-10-23,82.251099,81.558403,82.251099,26003670,82.251099
2014-10-24,82.251099,80.606102,82.510803,26283180,80.692596
2014-10-27,80.9524,80.779198,81.818199,23972025,81.3853
2014-10-28,82.251099,82.251099,82.943703,31608885,82.683998
2014-10-29,83.116898,82.077904,83.290001,32743095,82.251099
2014-10-30,82.251099,81.991302,82.683998,18262860,82.424202
2014-10-31,82.597397,82.251099,83.290001,32140185,83.116898
2014-11-03,83.982697,83.549797,85.454597,43541190,84.935097
2014-11-04,85.454597,84.329002,85.454597,22075515,84.415604
2014-11-05,85.281403,84.329002,85.281403,18477690,85.021698
2014-11-06,84.1558,82.943703,84.761902,30627135,83.030296
2014-11-07,82.424202,82.3377,83.549797,20658330,83.376602
2014-11-10,82.424202,82.424202,85.194801,40236735,85.1082
2014-11-11,85.367996,84.415604,85.367996,26288955,84.588699
2014-11-12,84.935097,82.943703,85.714302,44966460,83.116898
2014-11-13,83.549797,83.290001,84.848503,28477680,84.848503
2014-11-14,84.848503,83.549797,84.935097,39301185,83.809502
2014-11-17,83.982697,82.770599,84.675301,42030450,82.770599
2014-11-18,82.770599,82.251099,83.636398,28932750,82.683998
2014-11-19,83.203499,82.770599,83.982697,44482515,83.116898
2014-11-20,83.290001,83.290001,83.982697,32520180,83.7229
2014-11-21,84.329002,83.290001,84.415604,33802230,83.376602
2014-11-24,83.809502,83.376602,83.896103,21717465,83.549797
2014-11-25,83.549797,83.203499,83.896103,34535655,83.463203
2014-11-26,83.549797,83.549797,84.848503,34665015,84.242401
2014-11-27,84.242401,84.069298,84.761902,31215030,84.069298
2014-11-28,84.069298,83.896103,84.415604,32708445,83.982697
2014-12-01,80.865799,80.779198,83.549797,46726680,82.510803
2014-12-02,81.818199,80.173203,82.077904,67984455,80.259697
2014-12-03,80.519501,80.173203,81.818199,41225415,81.818199
2014-12-04,81.818199,81.3853,82.683998,26904570,82.510803
2014-12-05,82.077904,80.519501,82.077904,53481120,80.692596
2014-12-08,80.865799,79.307404,81.212097,56733600,79.567101
2014-12-09,78.441597,77.835503,79.220802,92569785,77.922096
2014-12-10,77.835503,77.316002,78.355003,63143850,77.575798
2014-12-11,77.922096,77.748901,78.701302,62885130,77.835503
2014-12-12,77.922096,77.575798,78.441597,46406745,77.575798
2014-12-15,76.969704,75.930702,77.142899,65516220,75.930702
2014-12-16,75.151497,74.4589,75.930702,99016995,74.4589
2014-12-17,74.4589,72.987,74.4589,117430005,72.987
2014-12-18,73.852798,73.246696,74.632004,61179195,73.419899
2014-12-19,74.632004,73.766197,74.805199,53340210,74.112503
2014-12-22,74.8918,74.632004,76.190498,50696415,76.190498
2014-12-23,76.190498,75.411301,76.2771,23503095,75.584396
2014-12-24,75.411301,75.411301,76.103897,20563620,76.017303
2014-12-25,76.017303,75.757599,76.190498,13079220,76.017303
2014-12-26,76.017303,75.757599,76.190498,14490630,76.190498
2014-12-29,76.363602,75.8442,76.623398,31524570,76.017303
2014-12-30,76.190498,76.017303,76.536797,22537515,76.017303
2014-12-31,76.017303,75.497803,76.190498,19861380,76.103897
2015-01-05,76.017303,75.238098,76.017303,29136030,75.497803
2015-01-06,74.4589,73.160202,74.4589,75734505,73.160202
2015-01-07,72.987,72.987,74.285698,38936205,73.766197
2015-01-08,74.372299,74.199097,75.324699,35435400,75.238098
2015-01-09,75.584396,74.8918,76.017303,26118015,74.8918
2015-01-12,74.8918,74.199097,75.497803,26347860,74.199097
2015-01-13,73.593102,73.593102,74.718597,30307200,74.718597
2015-01-14,74.8918,73.766197,74.8918,25780755,73.852798
2015-01-15,73.852798,73.333298,74.199097,35893935,73.419899
2015-01-16,73.419899,72.727303,73.5065,48066480,72.813904
2015-01-19,72.900398,71.861504,73.5065,34334685,72.467499
2015-01-20,72.467499,72.121201,73.593102,31962315,73.333298
2015-01-21,73.766197,73.333298,74.026001,35690655,73.852798
2015-01-22,74.112503,73.419899,74.199097,27999510,74.026001
2015-01-23,74.285698,74.199097,76.017303,82450830,76.017303
2015-01-26,76.017303,75.497803,77.142899,73545780,76.883102
2015-01-27,77.402603,76.017303,77.402603,45622500,76.883102
2015-01-28,76.623398,76.103897,76.709999,31526880,76.103897
2015-01-29,76.017303,74.8918,76.017303,37820475,75.064903
2015-01-30,75.930702,75.064903,75.930702,29847510,75.064903
2015-02-02,75.497803,74.285698,75.584396,34670790,74.8918
2015-02-03,74.8918,74.718597,76.017303,27676110,75.670998
2015-02-04,75.930702,75.757599,76.536797,41538420,75.757599
2015-02-05,75.8442,75.151497,75.8442,23637075,75.584396
2015-02-06,75.930702,75.151497,75.930702,19271175,75.584396
2015-02-09,75.670998,75.238098,75.670998,18970875,75.324699
2015-02-10,74.8918,74.026001,75.064903,42832020,74.026001
2015-02-11,73.593102,73.333298,74.026001,48746775,73.419899
2015-02-12,73.766197,73.160202,74.805199,46150335,74.632004
2015-02-13,74.4589,74.199097,74.805199,32024685,74.285698
2015-02-24,74.545403,74.285698,75.151497,66571890,74.285698
2015-02-25,74.285698,74.026001,74.8918,31683960,74.718597
2015-02-26,74.8918,74.545403,75.930702,48723675,75.411301
2015-03-02,75.930702,75.324699,76.536797,36753255,75.411301
2015-03-03,75.411301,74.632004,75.757599,24201870,74.718597
2015-03-04,75.324699,75.064903,76.883102,70562415,76.450203
2015-03-05,76.709999,75.930702,77.402603,65595915,76.623398
2015-03-06,76.623398,76.190498,77.142899,41964615,76.883102
2015-03-09,76.536797,76.017303,76.709999,24893715,76.017303
2015-03-10,76.103897,75.411301,76.363602,27092835,75.411301
2015-03-11,74.8918,74.805199,76.190498,35912415,75.584396
2015-03-12,75.324699,75.324699,76.017303,43581615,75.411301
2015-03-13,75.584396,75.584396,76.709999,35995575,76.190498
2015-03-16,76.190498,75.584396,76.536797,41966925,75.584396
2015-03-17,75.584396,75.584396,76.363602,35560140,75.584396
2015-03-18,75.584396,75.584396,76.450203,45303720,76.103897
2015-03-19,76.450203,76.450203,78.960999,151214910,78.874496
2015-03-20,79.134201,78.787903,80.9524,134816220,80.519501
2015-03-23,80.9524,80.606102,81.991302,90137355,80.9524
2015-03-24,81.125504,80.519501,81.731598,56681625,80.779198
2015-03-25,81.3853,80.865799,82.077904,54105975,81.731598
2015-03-26,81.298698,80.519501,81.731598,54529860,81.731598
2015-03-27,81.731598,80,81.731598,60518535,80.519501
2015-03-30,81.3853,80.9524,81.9048,48741000,81.3853
2015-03-31,81.818199,78.787903,82.164497,126582225,79.307404
2015-04-01,79.307404,78.355003,80.086601,46867590,79.393898
2015-04-02,80.432899,80.086601,80.9524,48409515,80.692596
2015-04-07,81.212097,80.346298,81.298698,27792765,81.039001
2015-04-08,81.3853,80.173203,81.3853,36806385,81.125504
2015-04-09,81.125504,80.173203,81.212097,39254985,80.519501
2015-04-10,81.212097,80.173203,81.212097,35309505,80.606102
2015-04-13,80.692596,80.173203,80.9524,22401225,80.432899
2015-04-14,80.519501,80.173203,81.212097,34479060,81.212097
2015-04-15,80.9524,79.480499,81.298698,55476960,79.740303
2015-04-16,80.432899,80.173203,80.865799,28391055,80.779198
2015-04-17,80.779198,79.826797,80.779198,28347165,79.913399
2015-04-20,79.134201,79.134201,80.692596,29548365,80.346298
2015-04-21,80.346298,79.653702,80.692596,25972485,79.740303
2015-04-22,79.480499,79.480499,80.519501,31647000,79.653702
2015-04-23,80.086601,80.086601,81.3853,65734515,80.779198
2015-04-24,81.3853,81.212097,82.510803,101206875,81.9048
2015-04-27,82.3377,81.9048,82.597397,51534945,81.991302
2015-04-28,82.251099,80.779198,82.597397,57480885,81.039001
2015-04-29,81.039001,79.653702,81.212097,49141785,79.740303
2015-04-30,79.740303,79.567101,80.606102,36841035,79.653702
2015-05-04,80.519501,79.913399,80.692596,26437950,80.606102
2015-05-05,80.9524,80,81.212097,22468215,80.606102
2015-05-06,80.346298,80,80.865799,25702215,80.519501
2015-05-07,80.519501,79.740303,80.519501,27756960,79.740303
2015-05-08,79.913399,79.826797,80.779198,32661090,80.259697
2015-05-11,81.212097,79.913399,81.298698,33757185,80.692596
2015-05-12,80.346298,80.086601,80.865799,17586030,80.259697
2015-05-13,80.9524,80.606102,81.818199,47871285,81.818199
2015-05-14,81.818199,80.865799,81.818199,29908725,81.125504
2015-05-15,81.125504,80.432899,81.298698,24752805,80.606102
2015-05-18,82.424202,82.3377,83.809502,144409650,83.809502
2015-05-19,84.675301,84.675301,85.627701,114775815,85.194801
2015-05-20,85.281403,83.982697,85.281403,51284310,84.415604
2015-05-21,83.982697,83.549797,84.329002,50124690,83.982697
2015-05-22,84.1558,83.376602,84.761902,39050550,83.549797
2015-05-25,84.415604,83.636398,84.588699,33995115,83.896103
2015-05-26,84.675301,84.242401,85.1082,26210415,84.329002
2015-05-27,84.675301,83.982697,84.848503,34438635,84.329002
2015-05-28,85.1082,84.848503,85.627701,62755770,85.1082
2015-05-29,85.454597,85.1082,85.973999,97895490,85.800903
2015-06-01,85.800903,84.242401,85.800903,41441400,84.242401
2015-06-02,83.982697,83.7229,85.1082,41271615,84.675301
2015-06-03,84.415604,83.809502,84.848503,27164445,83.982697
2015-06-04,83.982697,81.731598,84.069298,67204830,81.818199
2015-06-05,81.3853,80.9524,82.597397,47911710,81.644997
2015-06-08,81.991302,81.212097,82.597397,35570535,82.164497
2015-06-09,82.164497,80.606102,82.251099,31942680,80.692596
2015-06-10,82.251099,81.818199,82.770599,42005040,82.770599
2015-06-11,83.376602,81.818199,83.7229,43485750,82.943703
2015-06-12,82.943703,82.164497,82.943703,17818185,82.251099
2015-06-15,81.818199,81.3853,82.3377,21926520,81.3853
2015-06-16,82.164497,81.039001,82.164497,26322450,82.077904
2015-06-17,82.251099,81.298698,82.251099,30391515,81.731598
2015-06-18,81.9048,81.3853,82.251099,29588790,81.9048
2015-06-22,82.683998,82.683998,84.242401,45547425,84.1558
2015-06-23,84.588699,83.982697,85.1082,36352470,84.069298
2015-06-24,83.896103,83.896103,84.588699,26457585,84.502197
2015-06-25,85.5411,85.194801,86.320396,88535370,85.714302
2015-06-26,85.973999,85.281403,85.973999,51057930,85.887497
2015-06-29,84.935097,83.636398,84.935097,42266070,83.896103
2015-06-30,83.896103,83.549797,84.329002,30997890,83.982697
2015-07-01,84.329002,83.982697,85.1082,29116395,84.848503
2015-07-02,84.761902,84.502197,85.1082,19809405,84.848503
2015-07-03,84.588699,83.982697,84.588699,14353185,84.242401
2015-07-06,83.376602,83.030296,84.242401,25287570,83.376602
2015-07-07,84.415604,83.896103,84.675301,19197255,84.242401
2015-07-08,84.242401,81.3853,84.329002,58533090,81.818199
2015-07-09,79.220802,79.220802,81.644997,49265370,80.865799
2015-07-10,80.865799,80.865799,80.865799,0,80.865799
2015-07-13,81.818199,81.731598,83.290001,35592480,83.290001
2015-07-14,83.809502,81.991302,84.1558,42587160,81.991302
2015-07-15,83.030296,81.9048,83.116898,26762505,82.857101
2015-07-16,83.549797,82.510803,83.549797,20030010,83.116898
2015-07-17,83.116898,82.3377,83.203499,23009910,82.3377
2015-07-20,83.030296,82.164497,83.203499,17998365,82.3377
2015-07-21,82.943703,82.3377,83.376602,18053805,83.376602
2015-07-22,82.251099,81.991302,82.943703,33169290,82.077904
2015-07-23,80.9524,78.355003,81.644997,92075445,78.355003
2015-07-24,78.528099,77.489197,79.220802,47934810,78.355003
2015-07-27,78.268402,77.922096,78.874496,30174375,78.008698
2015-07-28,78.008698,77.922096,78.787903,31940370,77.922096
2015-07-29,77.922096,75.757599,79.220802,58474185,79.220802
2015-07-30,79.220802,78.355003,79.740303,33470745,78.701302
2015-07-31,78.874496,78.181801,79.0476,32084745,78.528099
2015-08-03,78.787903,76.450203,78.787903,38991645,77.229401
2015-08-04,77.229401,76.2771,78.181801,37490145,77.489197
2015-08-05,76.709999,76.709999,77.489197,34250370,77.056297
2015-08-06,77.056297,76.2771,77.575798,36312045,76.623398
2015-08-07,76.363602,75.8442,76.969704,25341855,76.623398
2015-08-10,76.623398,76.017303,77.229401,23436105,76.623398
2015-08-11,77.922096,76.536797,78.355003,43551585,76.623398
2015-08-12,75.757599,74.8918,76.363602,49159110,74.8918
2015-08-13,74.8918,74.805199,75.757599,34219185,75.670998
2015-08-14,76.2771,76.2771,77.402603,40687185,76.796501
2015-08-17,77.056297,76.190498,77.056297,21216195,76.363602
2015-08-18,77.056297,76.363602,77.316002,21026775,76.450203
2015-08-19,76.450203,75.8442,76.883102,34614195,76.2771
2015-08-20,75.930702,75.411301,76.536797,31783290,75.670998
2015-08-21,74.718597,74.026001,75.497803,52661070,74.026001
2015-08-24,71.861504,67.4459,73.5065,101745105,70.649399
2015-08-25,70.129898,70.129898,73.593102,67359600,73.593102
2015-08-26,72.727303,71.948097,73.333298,67316865,72.294403
2015-08-27,72.727303,72.727303,73.852798,79242240,73.246696
2015-08-28,75.238098,74.632004,77.229401,74636100,76.709999
2015-08-31,77.489197,76.883102,80.086601,71532615,80.086601
2015-09-01,79.220802,77.402603,79.220802,69922545,77.748901
2015-09-02,77.402603,77.142899,78.960999,119752710,78.441597
2015-09-03,76.363602,75.909103,77,112901800,76.272697
2015-09-04,76.363602,75.454597,76.636398,47005200,75.454597
2015-09-07,75.363602,75.090897,76.090897,20736100,75.363602
2015-09-08,75.363602,75.181801,75.818199,15768500,75.272697
2015-09-09,76.090897,76.090897,77.727303,46235200,77.727303
2015-09-10,77.272697,76.636398,77.272697,33874500,76.909103
2015-09-11,76.909103,76.545403,77.181801,30299500,77
2015-09-14,77.272697,76.636398,77.636398,22470800,77.363602
2015-09-15,77.545403,76.636398,77.636398,25416600,77
2015-09-16,77.454597,76.818199,77.454597,26967600,77.272697
2015-09-17,77.909103,77.545403,78.545403,36711400,77.727303
2015-09-18,77.727303,77.272697,78.090897,39673700,77.727303
2015-09-21,77,76.363602,77.181801,28097300,76.545403
2015-09-22,76.818199,76.818199,77.363602,20359900,77.363602
2015-09-23,76.727303,76.272697,76.909103,31164100,76.454597
2015-09-24,76.727303,75.181801,76.909103,24018500,76
2015-09-25,76.363602,75.909103,77,20839500,76.636398
2015-09-29,76.636398,76.636398,76.636398,0,76.636398
2015-09-30,76.272697,76,77.818199,52254400,77.818199
2015-10-01,77.181801,77,78.181801,29810000,78.090897
2015-10-02,78.363602,77.363602,78.454597,23999800,77.909103
2015-10-05,78.363602,77.181801,78.363602,23903000,78.181801
2015-10-06,78.636398,78.272697,79,27637500,78.545403
2015-10-07,78.363602,78.181801,79,29931000,79
2015-10-08,79.454597,78.545403,79.545403,23773200,78.818199
2015-10-12,79.818199,79.636398,80.454597,50563700,80.090897
2015-10-13,80.181801,79.090897,80.272697,32547900,79.545403
2015-10-14,79.545403,78.181801,79.545403,33523600,78.272697
2015-10-15,79.363602,78.818199,80,45755600,78.818199
2015-10-16,79.636398,79.272697,79.818199,25158100,79.818199
2015-10-19,80.181801,79,80.181801,27973000,79.727303
2015-10-20,79.909103,79,80,24075700,79.181801
2015-10-21,79.545403,78.454597,79.818199,20351100,78.545403
2015-10-22,78.363602,78.090897,78.727303,25348400,78.727303
2015-10-23,79.818199,79.090897,79.818199,28692400,79.454597
2015-10-26,80.545403,80.181801,80.636398,38190900,80.636398
2015-10-27,80.909103,79.545403,80.909103,40370000,80.545403
2015-10-28,80.272697,79.545403,80.454597,22146300,80
2015-10-29,80,78.727303,80.272697,32679900,78.909103
2015-10-30,79.090897,78.181801,79.454597,27832200,78.727303
2015-11-02,79.272697,78.363602,79.454597,17831000,79.454597
2015-11-03,79.636398,78.909103,80,28055500,79.818199
2015-11-04,80.181801,79.818199,80.909103,45909600,80.636398
2015-11-05,80.636398,80.181801,80.636398,21780000,80.181801
2015-11-06,79.909103,78.636398,80.454597,39606600,78.727303
2015-11-09,78.636398,78,79,24535500,78.181801
2015-11-10,77.363602,76.818199,77.636398,42823000,76.818199
2015-11-11,76.363602,75.454597,77.272697,50149000,75.818199
2015-11-12,75.909103,75.818199,76.636398,24316600,76.272697
2015-11-13,75.909103,75.636398,77,29871600,76
2015-11-16,75.181801,75.090897,75.909103,39014800,75.272697
2015-11-17,76.818199,76.545403,77.636398,41024500,77.272697
2015-11-18,77.727303,76.545403,77.727303,28937700,77.090897
2015-11-19,77.727303,76.909103,77.818199,19973800,77.727303
2015-11-20,78.454597,77.818199,78.454597,26677200,78.181801
2015-11-23,78.272697,77.454597,78.454597,19099300,77.727303
2015-11-24,77.454597,76.636398,77.727303,20379700,76.636398
2015-11-25,76.363602,76.090897,76.909103,18937600,76.636398
2015-11-26,77.272697,77.090897,78.181801,20512800,77.636398
2015-11-27,77.363602,76.636398,77.636398,13812700,77.272697
2015-11-30,75.727303,75.454597,77.090897,74026700,76.363602
2015-12-01,77.363602,76.818199,78.181801,40429400,78.181801
2015-12-02,78.272697,77.363602,78.363602,22872300,77.909103
2015-12-03,76.909103,76.909103,77.545403,15502300,77
2015-12-04,76.545403,76.181801,76.727303,22188100,76.545403
2015-12-07,76.909103,76.909103,78,19815400,77
2015-12-08,77.181801,76.272697,77.181801,27258000,76.272697
2015-12-09,76.272697,75.636398,76.636398,22086900,75.727303
2015-12-10,75.454597,75,75.727303,32074900,75.363602
2015-12-11,76.272697,75.272697,76.363602,39754000,75.545403
2015-12-14,73.636398,72.909103,73.909103,45370600,73.454597
2015-12-15,73.545403,72.363602,73.909103,56107700,72.727303
2015-12-16,74.090897,72.545403,74.090897,33932800,72.909103
2015-12-17,73.181801,72.909103,74.909103,29656000,74.909103
2015-12-18,74,73.545403,74.272697,32516000,73.818199
2015-12-21,73.181801,73,74.545403,19481000,74
2015-12-22,74,73.181801,74.272697,20143200,73.363602
2015-12-23,73.636398,73.454597,74.272697,19724100,73.909103
2015-12-24,74.272697,74,74.454597,12703900,74.181801
2015-12-25,74.090897,73.727303,74.363602,8682300,74.181801
2015-12-28,74.090897,73.636398,74.363602,13634500,73.636398
2015-12-29,73.636398,73.272697,73.818199,19525000,73.363602
2015-12-30,73.727303,73.272697,73.818199,15579300,73.545403
2015-12-31,73.545403,73.090897,73.818199,15002900,73.454597
2016-01-04,73.818199,71.454597,73.818199,38446100,71.818199
2016-01-05,71.818199,71.636398,73,32985700,71.909103
2016-01-06,71.181801,70.272697,71.909103,46671900,71.818199
2016-01-07,70.454597,70,71.363602,44203500,71.181801
2016-01-08,70.181801,70.181801,71.181801,30262100,70.909103
2016-01-11,70.090897,68.454597,70.181801,56798500,68.545403
2016-01-12,69.090897,68.545403,69.545403,34144000,69.363602
2016-01-13,70,69.363602,70.272697,24904000,69.636398
2016-01-14,68.454597,67.818199,69.090897,25495800,69.090897
2016-01-15,69.363602,67.545403,69.636398,43404900,68.454597
2016-01-18,66.636398,66.454597,68.454597,29038900,68.090897
2016-01-19,68.636398,67.909103,68.818199,21935100,68.454597
2016-01-20,68.090897,66.454597,68.090897,35603700,66.454597
2016-01-21,66.636398,66.090897,67.363602,33848100,66.090897
2016-01-22,66.818199,66.727303,68,36225200,68
2016-01-25,69.272697,68.636398,69.272697,29660400,69.090897
2016-01-26,68.454597,68.181801,68.909103,18355700,68.636398
2016-01-27,69.090897,68.272697,69.090897,19861600,68.454597
2016-01-28,67,67,68.545403,29965100,68.272697
2016-01-29,67.727303,67.727303,70.727303,51625200,70.727303
2016-02-01,71.909103,71.090897,72.272697,32793200,72.272697
2016-02-02,72.545403,71.272697,72.636398,22218900,71.272697
2016-02-03,70.909103,69.363602,71,40674700,69.636398
2016-02-15,67.181801,67.090897,68.636398,68901800,67.909103
2016-02-16,68,68,70,34986600,69.636398
2016-02-17,70,68.727303,70,33517000,69.727303
2016-02-18,70,69.818199,70.727303,33202400,70.636398
2016-02-19,70.636398,69.272697,70.636398,22628100,69.727303
2016-02-22,69.272697,69.181801,70.636398,20978100,69.727303
2016-02-23,69.636398,69.636398,70.181801,13659800,70
2016-02-24,70,69.272697,70.909103,23301300,69.545403
2016-02-25,69.545403,69.363602,72.727303,62442600,71.363602
2016-02-26,70.454597,69.545403,70.909103,42823000,70.909103
2016-03-01,69.818199,69.818199,70.818199,36352800,70.636398
2016-03-02,71.545403,71.090897,72.272697,39875000,72.272697
2016-03-03,73.181801,72.272697,73.181801,52386400,73.181801
2016-03-04,73.636398,73.181801,75.454597,68615800,75.363602
2016-03-07,75.545403,74.090897,76.181801,45292500,74.181801
2016-03-08,74.181801,73.727303,75.454597,38677100,75.454597
2016-03-09,75.181801,74.727303,75.727303,24592700,75.272697
2016-03-10,75.727303,75.272697,75.909103,24000900,75.454597
2016-03-11,75.454597,74.818199,75.636398,21936200,75.636398
2016-03-14,76.181801,75.818199,76.363602,27946600,76.363602
2016-03-15,76.363602,74.545403,76.545403,37354900,74.818199
2016-03-16,75.090897,75.090897,76.363602,28722100,75.454597
2016-03-17,76.272697,75,76.454597,27948800,75
2016-03-18,75.454597,75.363602,76.363602,66759000,76.363602
2016-03-21,76.727303,75.909103,76.909103,28495500,76.818199
2016-03-22,76.818199,75.909103,76.818199,23752300,76.636398
2016-03-23,76.363602,76,76.818199,22430100,76.545403
2016-03-24,76.454597,75.909103,77.181801,24435400,76.818199
2016-03-25,77.090897,76.181801,77.090897,10387300,76.181801
2016-03-28,77,76.636398,77.272697,28333800,76.818199
2016-03-29,77.272697,75.636398,77.272697,27437300,76.090897
2016-03-30,76.090897,76.090897,76.090897,0,76.090897
2016-03-31,78.272697,76.363602,78.909103,88231000,77.090897
2016-04-01,76.454597,75.454597,76.909103,34280400,75.454597
2016-04-06,75.636398,73.818199,75.636398,44049500,73.818199
2016-04-07,73.636398,73,74.454597,30389700,74.090897
2016-04-08,73.727303,73.545403,74.454597,20933000,74.454597
2016-04-11,74.363602,73.363602,74.454597,12186900,73.818199
2016-04-12,74.363602,73.818199,75.090897,16792600,74.545403
2016-04-13,74.818199,74.818199,76.181801,36917100,76.090897
2016-04-14,75.454597,74.909103,76.181801,25102000,74.909103
2016-04-15,74.727303,74.272697,75.636398,20282900,75.363602
2016-04-18,75.636398,75,75.636398,15407700,75.090897
2016-04-19,75.272697,73.818199,75.727303,20431400,74.090897
2016-04-20,73.727303,72,74.909103,55058300,72
2016-04-21,72.545403,72.272697,73.181801,22581900,73
2016-04-22,73.727303,73,73.727303,19065200,73.636398
2016-04-25,73.727303,72.909103,74,15281200,73
2016-04-26,72.727303,72.727303,73.818199,19845100,72.909103
2016-04-27,72.636398,72.090897,72.909103,26376900,72.272697
2016-04-28,72.727303,71.454597,72.909103,32954900,71.454597
2016-04-29,70.090897,70.090897,70.636398,42141000,70.090897
2016-05-03,70,68.727303,70.090897,34428900,68.727303
2016-05-04,68.727303,68.090897,69.454597,35926000,68.818199
2016-05-05,68.818199,68.181801,69.181801,27291000,68.545403
2016-05-06,68.545403,66.909103,68.636398,47832400,67.090897
2016-05-09,67.272697,65.909103,67.454597,40751700,66
2016-05-10,66,65.909103,68,32589700,68
2016-05-11,68,66.727303,68.636398,29669200,67.272697
2016-05-12,67.181801,66.363602,67.363602,28825500,66.636398
2016-05-13,68.181801,66.818199,68.545403,69373700,67.636398
2016-05-16,67.363602,66.818199,67.636398,28598900,67.272697
2016-05-17,67.454597,67.272697,67.909103,26624400,67.545403
2016-05-18,67.545403,66.818199,67.727303,31673400,67.636398
2016-05-19,67.636398,67.090897,67.909103,27713400,67.454597
2016-05-20,67.545403,67.272697,68,26579300,67.272697
2016-05-23,67.636398,67.454597,70.636398,56746800,70.363602
2016-05-24,70.272697,69.454597,70.363602,28749600,69.454597
2016-05-25,70.454597,70.363602,72.454597,51407400,71.272697
2016-05-26,71.363602,70.909103,71.818199,17871700,71
2016-05-27,71.454597,71,71.727303,21263000,71.272697
2016-05-30,71.818199,71.363602,72.636398,27566000,72.272697
2016-05-31,72.272697,71.909103,72.818199,71835500,72.818199
2016-06-01,72.363602,72.363602,73.636398,31097000,73.272697
2016-06-02,73.363602,72,73.454597,31744900,72.090897
2016-06-03,72.272697,72.272697,72.909103,17932200,72.727303
2016-06-06,72.545403,72.363602,74,22540100,72.909103
2016-06-07,73.454597,73.272697,73.818199,33228800,73.727303
2016-06-08,74.090897,73.727303,74.545403,40684600,73.909103
2016-06-13,72.636398,71.454597,72.727303,53002400,71.454597
2016-06-14,70.909103,70.909103,72.636398,25645400,72.636398
2016-06-15,72.090897,72,73,23333200,72.909103
2016-06-16,72.272697,71.454597,72.363602,31540300,71.636398
2016-06-17,72,71.818199,72.818199,36130600,72.090897
2016-06-20,73.090897,72.818199,73.454597,28155600,73.181801
2016-06-21,73,72.818199,73.636398,25250500,73.363602
2016-06-22,73.363602,73.363602,74.090897,29427200,74.090897
2016-06-23,74.545403,74.545403,75.454597,53462200,75.363602
2016-06-24,75.636398,73.272697,75.636398,68697200,74.090897
2016-06-27,73.636398,73.454597,74.636398,22095700,74.545403
2016-06-28,73.818199,73.454597,75,4859800,75
2016-06-29,74.545403,74.545403,75.363602,22856900,75
2016-06-30,75.181801,74.727303,75.363602,27172200,75
2016-07-01,75,75,75.818199,28017000,75.181801
2016-07-04,75.727303,75.454597,75.909103,24765400,75.727303
2016-07-05,75.454597,75.090897,75.727303,18892500,75.454597
2016-07-06,75,74.090897,75,29288600,74.090897
2016-07-07,74.545403,74.272697,74.818199,18293000,74.636398
2016-07-11,74.727303,74.727303,75.454597,35765400,75
2016-07-12,75.090897,75.090897,75.909103,35233000,75.727303
2016-07-13,76.272697,75.454597,76.272697,33094600,75.909103
2016-07-14,75.909103,75.454597,76,21134300,75.909103
2016-07-15,76.090897,76.090897,77.090897,37358200,76.818199
2016-07-18,77.636398,77.272697,78.181801,46635600,78.181801
2016-07-19,78.545403,77.818199,78.545403,34919500,78.363602
2016-07-20,78,77.818199,78.454597,28229300,78.181801
2016-07-21,78.454597,78.363602,80,55990000,79.454597
2016-07-22,79.727303,79.272697,79.909103,35646600,79.636398
2016-07-25,79.454597,77.818199,80,37317500,79.636398
2016-07-26,79.545403,78.818199,79.909103,31730600,79.818199
2016-07-27,80.363602,80.272697,81.363602,51583400,80.909103
2016-07-28,81.272697,80.454597,81.272697,31576600,80.909103
2016-07-29,80.909103,79.909103,80.909103,32172800,79.909103
2016-08-01,79.818199,79.818199,80.909103,38678200,80.727303
2016-08-02,80.727303,80.454597,80.909103,19548100,80.454597
2016-08-03,79.545403,79.454597,80.272697,29935400,79.545403
2016-08-04,80,79.545403,80,17493300,80
2016-08-05,80,79.818199,80.727303,24095500,80.363602
2016-08-08,81.090897,80.909103,81.818199,41674600,81.818199
2016-08-09,81.818199,81.090897,81.909103,27254700,81.727303
2016-08-10,81.727303,81.454597,81.818199,23500400,81.818199
2016-08-11,81.272697,80.363602,81.545403,34461900,81.363602
2016-08-12,78.636398,78.181801,79.818199,127714400,78.363602
2016-08-15,78,77.727303,79.272697,45938200,79.272697
2016-08-16,79.090897,78.272697,79.272697,38848700,78.363602
2016-08-17,78.181801,77.090897,78.272697,69875300,77.272697
2016-08-18,77.181801,76.818199,78.181801,45359600,77.909103
2016-08-19,78.181801,77.454597,78.818199,41264300,77.545403
2016-08-22,77.454597,77.272697,77.818199,28046700,77.636398
2016-08-23,77.454597,77.454597,78.090897,35450800,78
2016-08-24,78.363602,78.272697,79.181801,48271300,79.090897
2016-08-25,79,79,80.454597,62767100,80.272697
2016-08-26,80.818199,80.090897,80.909103,43041900,80.454597
2016-08-29,80.909103,80.363602,81.545403,66414700,81.363602
2016-08-30,81.181801,80.636398,81.363602,50889300,81
2016-08-31,80.636398,80,80.818199,75081600,80
2016-09-01,79.272697,78.909103,79.818199,115193100,79.545403
2016-09-02,76.599998,76.300003,77.900002,158764000,77.199997
2016-09-05,77.900002,77.599998,78.400002,44589000,78.300003
2016-09-06,78.800003,78.599998,79.900002,51618000,79.699997
2016-09-07,80.400002,79.5,80.800003,56736000,79.599998
2016-09-08,79.599998,78.5,79.699997,50194000,78.599998
2016-09-09,77.800003,77.5,77.900002,37015000,77.699997
2016-09-12,78,77.5,78.199997,31306000,77.699997
2016-09-13,78.300003,76.800003,78.5,37704000,77.300003
2016-09-14,77.199997,77.199997,78.199997,43979000,77.699997
2016-09-19,79.900002,79.199997,80.5,77142000,80.5
2016-09-20,80.5,80,80.699997,41556000,80.199997
2016-09-21,79.900002,79.300003,80.099998,29424000,80
2016-09-22,80.300003,79.300003,80.800003,31666000,79.699997
2016-09-23,79.900002,79.400002,80,29944000,79.800003
2016-09-26,79.099998,78.599998,79.400002,32034000,79
2016-09-27,79,79,79,0,79
2016-09-28,79,79,79,0,79
2016-09-29,79.800003,79.300003,80,47220000,79.900002
2016-09-30,79.199997,79,79.5,30768000,79.199997
2016-10-03,79.800003,79.199997,79.800003,23919000,79.199997
2016-10-04,79,78.900002,79.5,19928000,79.5
2016-10-05,79.099998,79.099998,79.800003,14268000,79.599998
2016-10-06,80.199997,80,80.300003,25107000,80.199997
2016-10-07,80.5,80,80.5,15332000,80
2016-10-11,81,80.5,81.900002,51942000,81.099998
2016-10-12,81.5,80.900002,81.699997,38665000,81.599998
2016-10-13,82.099998,81.599998,82.400002,35022000,81.800003
2016-10-14,81.599998,80.699997,81.699997,22550000,81.199997
2016-10-17,80.800003,80.400002,82,29708000,81.900002
2016-10-18,81.900002,81.599998,82.199997,32826000,82.099998
2016-10-19,82.199997,82.199997,82.5,34476000,82.400002
2016-10-20,82.800003,82.699997,83.5,40320000,83.5
2016-10-21,84,83.900002,85,65210000,84.300003
2016-10-24,84.900002,84.099998,85,31186000,84.199997
2016-10-25,84.599998,84.5,85.900002,48741000,85.699997
2016-10-26,85.199997,85,85.900002,36432000,85.599998
2016-10-27,85.900002,85,86.400002,36900000,85.400002
2016-10-28,85.900002,84.599998,85.900002,30345000,84.800003
2016-10-31,84.699997,83.599998,85.300003,31215000,85.300003
2016-11-01,85.300003,84.400002,85.400002,23414000,84.599998
2016-11-02,84,82.599998,84.400002,51822000,82.599998
2016-11-03,82.099998,81.599998,83,42670000,81.699997
2016-11-04,81.599998,81.599998,82.5,25722000,82
2016-11-07,82.5,82.300003,83.599998,30028000,83.5
2016-11-08,83.900002,82.599998,84,20351000,83
2016-11-09,84,80.099998,84.199997,70259000,80.400002
2016-11-10,82.400002,81.5,82.400002,48472000,81.5
2016-11-11,79.5,79,80.300003,73029000,79
2016-11-14,79.5,78.599998,79.599998,45896000,79
2016-11-15,78.699997,78.699997,79.800003,33896000,79
2016-11-16,79.400002,79,79.900002,36680000,79
2016-11-17,79.800003,79.300003,80.599998,31826000,80.599998
2016-11-18,80.599998,79.800003,81.300003,32125000,80.900002
2016-11-21,80.900002,80.5,81.099998,14320000,80.900002
2016-11-22,81.300003,81,81.699997,28579000,81.199997
2016-11-23,81.800003,81.699997,82.300003,26403000,82
2016-11-24,81.5,81.099998,81.699997,16290000,81.099998
2016-11-25,80.900002,80.400002,81,16037000,80.5
2016-11-28,81.400002,80.699997,81.400002,15199000,81.300003
2016-11-29,82,81.599998,82.800003,41688000,82
2016-11-30,82.199997,81.300003,82.900002,49756000,82
2016-12-01,82.699997,81.699997,82.699997,25753000,82.400002
2016-12-02,81.5,81.300003,81.900002,27412000,81.699997
2016-12-05,81.599998,81.099998,81.900002,15762000,81.300003
2016-12-06,82.099998,81.900002,82.400002,29616000,82.300003
2016-12-07,83.199997,82.800003,83.400002,36988000,83.099998
2016-12-08,84,83.699997,84.800003,82853000,84.800003
2016-12-09,85.5,84.699997,85.599998,47522000,85
2016-12-12,84.5,83.300003,84.900002,35278000,83.400002
2016-12-13,84,83.599998,84.400002,36366000,84.400002
2016-12-14,84.900002,83.699997,85,29991000,83.699997
2016-12-15,83.5,83.5,84.300003,33077000,84.199997
2016-12-16,83.900002,83.599998,84.5,35549000,83.599998
2016-12-19,83.5,82.800003,83.699997,24229000,82.800003
2016-12-20,83.5,83,83.800003,23497000,83.699997
2016-12-21,84.099998,83.300003,84.199997,32769000,83.300003
2016-12-22,83.599998,82.699997,83.599998,27941000,82.800003
2016-12-23,82.699997,82.599998,83.5,21797000,82.699997
2016-12-26,82.800003,82.800003,83.300003,8067000,83.300003
2016-12-27,83.5,83,83.599998,8468000,83.5
2016-12-28,83.099998,83.099998,84,15689000,84
2016-12-29,83.099998,83.099998,84.300003,23659000,83.599998
2016-12-30,84.199997,84,84.400002,21551000,84.199997
2017-01-03,83.699997,83.699997,84.300003,15264000,84.300003
2017-01-04,84.300003,84.199997,84.599998,23601000,84.199997
2017-01-05,84.400002,83.800003,84.5,25222000,84
2017-01-06,84.5,83.800003,84.5,21953000,83.800003
2017-01-09,84.099998,83.5,84.300003,16177000,83.5
2017-01-10,83.900002,83.599998,84.099998,15833000,84
2017-01-11,84.400002,83.400002,84.400002,26904000,84.199997
2017-01-12,84.199997,83.599998,84.400002,27909000,84.300003
2017-01-13,84.300003,83.900002,84.400002,22591000,84.199997
2017-01-16,84,83.5,84,16140000,83.5
2017-01-17,83.800003,83.5,84,14436000,84
2017-01-18,84,83.300003,84.099998,18959000,83.300003
2017-01-19,83.300003,83,83.800003,21157000,83.5
2017-01-20,84,83.400002,84,16969000,83.400002
2017-01-23,83.5,83.400002,84,27734000,84
2017-01-24,83.599998,83.599998,84,25264000,83.699997
2017-02-02,85.699997,83.199997,85.699997,71336000,84.099998
2017-02-03,83.800003,83.5,84.099998,34367000,83.699997
2017-02-06,84.199997,84,85,44416000,85
2017-02-07,85.5,84.599998,85.800003,56743000,85.800003
2017-02-08,86,85.800003,87.5,96604000,87.5
2017-02-09,88,87.699997,88.900002,94701000,88.900002
2017-02-10,89,88.5,89.800003,80812000,89.099998
2017-02-13,89.400002,88.800003,89.900002,52900000,89.900002
2017-02-14,90.599998,89.599998,90.699997,73915000,90
2017-02-15,90.5,90.099998,91,74793000,90.900002
2017-02-16,91.5,90,91.800003,47606000,91
2017-02-17,90.400002,90,90.900002,29819000,90
2017-02-20,90,89.800003,90.199997,27477000,90.099998
2017-02-21,91,89.800003,91,34435000,90.5
2017-02-22,90.699997,90,90.900002,27863000,90.5
2017-02-23,89.800003,89.800003,90.699997,31489000,90.300003
2017-02-24,89.800003,89.5,90.300003,31744000,89.5
2017-03-01,90.400002,89,90.400002,30429000,89
2017-03-02,90.099998,88.800003,90.300003,33981000,89.599998
2017-03-03,89.699997,88.599998,89.699997,29918000,88.800003
2017-03-06,88.800003,88.5,89.900002,18429000,89.900002
2017-03-07,89.900002,89.599998,90.699997,30148000,90.5
2017-03-08,90.800003,90.099998,91,33596000,90.699997
2017-03-09,90.199997,89.300003,90.300003,34086000,89.300003
2017-03-10,88.900002,88,90,37549000,89.900002
2017-03-13,90.199997,89.5,90.199997,15317000,90
2017-03-14,90,89.900002,90.5,20585000,90
2017-03-15,89.900002,89.699997,90.400002,17593000,90.099998
2017-03-16,90.5,90.400002,91.400002,38783000,90.900002
2017-03-17,91.300003,91,91.400002,46508000,91.400002
2017-03-20,91.300003,90.900002,91.400002,16703000,91.300003
2017-03-21,91.300003,91.300003,91.800003,29609000,91.5
2017-03-22,90.800003,90.5,91.5,24238000,91.5
2017-03-23,91.699997,90.800003,91.699997,16732000,91.300003
2017-03-24,90.5,90.5,91,19611000,90.599998
2017-03-27,90,89.800003,91,23258000,90.5
2017-03-28,90.900002,90.599998,91.300003,27082000,91.199997
2017-03-29,91.699997,91,91.800003,23382000,91.5
2017-03-30,91.5,91.199997,91.599998,18581000,91.400002
2017-03-31,91.400002,91,91.599998,27189000,91
2017-04-05,96,95.599998,98.400002,170507000,98
2017-04-06,98.199997,96.699997,98.599998,63860000,97.300003
2017-04-07,97,95.199997,97.699997,63154000,96.099998
2017-04-10,96,95.599998,96.5,37245000,96.5
2017-04-11,96.900002,96.5,97.599998,46204000,96.900002
2017-04-12,97.400002,96.599998,97.400002,40081000,97.300003
2017-04-13,97.699997,97.5,99.300003,61404000,98.5
2017-04-14,97.699997,96.699997,97.800003,35665000,96.699997
2017-04-17,96.699997,95.599998,97.300003,28522000,97.300003
2017-04-18,97.900002,96.800003,98,15061000,97
2017-04-19,96.5,95.800003,96.5,30720000,95.800003
2017-04-20,96,95.5,96.199997,25234000,96
2017-04-21,96.199997,96.199997,96.800003,14564000,96.5
2017-04-24,97.699997,96.5,97.699997,15320000,97
2017-04-25,97.699997,97.099998,97.900002,34851000,97.900002
2017-04-26,98.699997,98,98.699997,39519000,98.199997
2017-04-27,98.300003,97.900002,98.5,26678000,98.300003
2017-04-28,98.5,98,99.5,46944000,98.800003
2017-05-02,99.800003,99.800003,100.5,59037000,100
2017-05-03,100,100,101.5,42603000,100.5
2017-05-04,100.5,100,101,27424000,100.5
2017-05-05,100,100,101,22017000,100
2017-05-08,101,100,101.5,20977000,101
2017-05-09,102,101.5,105.5,105807000,104
2017-05-10,105.5,103,105.5,44633000,104
2017-05-11,104,103,104,39528000,104
2017-05-12,104,102,105,58750000,102.5
2017-05-15,103,102.5,104.5,32673000,104
2017-05-16,104,102.5,104,34874000,103.5
2017-05-17,103,102,103.5,27848000,103
2017-05-18,101,100.5,102,48425000,102
2017-05-19,102,101.5,102.5,18255000,101.5
2017-05-22,102.5,102,102.5,19426000,102.5
2017-05-23,103,102.5,104.5,47603000,104
2017-05-24,103.5,103.5,104.5,21245000,104
2017-05-25,104.5,104,105,29127000,105
2017-05-26,104,104,104.5,31702000,104.5
2017-05-31,103.5,103,104,38889000,103
2017-06-01,103.5,103,104.5,27230000,104.5
2017-06-02,105,104.5,105.5,31870000,105.5
2017-06-05,105,105,106,28945000,105.5
2017-06-06,105.5,105,105.5,21156000,105
2017-06-07,105,104.5,105.5,23422000,105
2017-06-08,105,104.5,105.5,15034000,105
2017-06-09,105,105,106,33818000,105
2017-06-12,103,102,103.5,49829000,102
2017-06-13,101,101,102.5,42383000,102
2017-06-14,102.5,101,103,39932000,102
2017-06-15,102.5,102,103,22334000,102.5
2017-06-16,102.5,102.5,105,55360000,105
2017-06-19,106,106,110,91401000,109.5
2017-06-20,111.5,111.5,115,90181000,114.5
2017-06-21,113.5,112,114,69588000,113
2017-06-22,113,112,114.5,58390000,112.5
2017-06-23,113,112.5,114,37697000,112.5
2017-06-26,113.5,113,121,138387000,120
2017-06-27,119,119,122.5,82835000,121.5
2017-06-28,120,118,121,93646000,118
2017-06-29,119.5,118.5,120,48318000,119
2017-06-30,117.5,116,118,67872000,117
2017-07-03,116,116,118,47551000,116.5
2017-07-04,116.5,113,117,65254000,113
2017-07-05,113.5,113,116,57802000,116
2017-07-06,115.5,114,115.5,30936000,115.5
2017-07-07,114.5,114,115,32569000,114.5
2017-07-10,115,114.5,116,44928000,115.5
2017-07-11,117,116.5,118.5,71507000,118.5
2017-07-12,118.5,118,119.5,89567000,118.5
2017-07-13,115.5,115,116,82754000,115.5
2017-07-14,116,115,116,35396000,115.5
2017-07-17,116,115,116,35389000,115.5
2017-07-18,115.5,115,117,34463000,117
2017-07-19,117.5,117,118,29392000,117
2017-07-20,118,116.5,118.5,34519000,116.5
2017-07-21,116.5,114.5,116.5,32703000,115
2017-07-24,114.5,114,116,28714000,116
2017-07-25,116.5,116,117.5,38857000,117
2017-07-26,117.5,115.5,117.5,27742000,115.5
2017-07-27,117,117,118.5,47688000,117.5
2017-07-28,117.5,116.5,118,27535000,117.5
2017-07-31,116.5,116.5,117.5,26086000,117.5
2017-08-01,116.5,116.5,117.5,24274000,116.5
2017-08-02,118.5,117.5,119.5,40597000,118.5
2017-08-03,117.5,117.5,119,32703000,119
2017-08-04,119,118.5,119.5,21251000,119.5
2017-08-07,119.5,119.5,122,55307000,121.5
2017-08-08,122,119.5,122.5,35680000,121
2017-08-09,119.5,117.5,120.5,47289000,118
2017-08-10,118,115,118,47979000,116
2017-08-11,114.5,114.5,117,41191000,116.5
2017-08-14,116.5,114,116.5,45390000,114
2017-08-15,115.5,114.5,116,23642000,115.5
2017-08-16,115,114.5,116,28779000,115
2017-08-17,115,115,116,17847000,116
2017-08-18,114.5,114,116,24539000,115.5
2017-08-21,114.5,114,115,18761822,115
2017-08-22,115.5,115,116,18866616,115
2017-08-23,115.5,115,116.5,28945212,115
2017-08-24,115,115,116,27856088,116
2017-08-25,116,115.5,116.5,20191797,116
2017-08-28,116.5,115,116.5,19889160,115.5
2017-08-29,115,115,115.5,17096752,115.5
2017-08-30,116,116,117.5,34109407,117.5
2017-08-31,118.5,117,119,32607963,117.5
2017-09-01,117,117,118,17433242,117.5
2017-09-04,116.5,116,117.5,19126350,116.5
2017-09-05,116.5,115.5,117,21042905,116.5
2017-09-06,116,115,116.5,22791694,115.5
2017-09-07,115.5,115,116.5,25366406,115.5
2017-09-08,116,115.5,117.5,39669811,117
2017-09-11,117.5,115.5,118,21045026,116
2017-09-12,117,116,117.5,19118193,117
2017-09-13,116.5,115.5,117.5,24576175,115.5
2017-09-14,115.5,114,115.5,30524202,114.5
2017-09-15,114,114,115,47822259,115
2017-09-18,114,113,115,46523735,114
2017-09-19,113.5,110,114,98361169,110
2017-09-20,109,106.5,110,95862857,106.5
2017-09-21,105.5,105,112,101922622,111
2017-09-22,109,108,110,58633937,108
2017-09-25,107,105,107,69064450,105
2017-09-26,104,103,106,71595057,103.5
2017-09-27,105,104.5,105.5,37280557,105
2017-09-28,106,104,106,34723259,104.5
2017-09-29,104.5,103.5,105.5,33512446,105
2017-10-02,108,107,108,24627360,107
2017-10-03,107.5,106,108,25870647,106
2017-10-05,106.5,105,107,22023112,106
2017-10-06,106.5,106,107,20234044,106.5
2017-10-11,107.5,107,109,43160331,107
2017-10-12,108.5,107.5,109,41863762,108
2017-10-13,108,107,108,25951419,108
2017-10-16,109,108,110,34533250,109.5
2017-10-17,111,109.5,111,38029838,110.5
2017-10-18,111.5,110,112,35604076,111.5
2017-10-19,112,111.5,113.5,44346521,113
2017-10-20,112,111,113,28530614,112
2017-10-23,112.5,109,113,31138428,109.5
2017-10-24,110,109,111.5,27851600,109.5
2017-10-25,111,110,111.5,29699092,111
2017-10-26,110,110,111.5,19132789,110.5
2017-10-27,111.5,110,112,21303033,110
2017-10-30,113,111.5,114,39136216,111.5
2017-10-31,112.5,111.5,113,32849101,112
2017-11-01,112.5,111.5,113,18461685,112
2017-11-02,111.5,111.5,113,23729700,112.5
2017-11-03,113,112.5,114.5,33847866,113
2017-11-06,114.5,113,114.5,22916972,113
2017-11-07,114,112,114,29102182,112
2017-11-08,112.5,111,113,24694328,111
2017-11-09,111,108.5,111.5,41021403,108.5
2017-11-10,106.5,106,108,51984077,107.5
2017-11-13,107.5,106.5,108,22706573,107
2017-11-14,108,106,108,26824070,106
2017-11-15,103,103,104.5,127303849,103
2017-11-16,102.5,102.5,104.5,47636028,104
2017-11-17,105.5,105.5,106.5,52167904,105.5
2017-11-20,105.5,104,105.5,35010720,104
2017-11-21,104.5,104,105,33870093,104
2017-11-22,104,104,105,47707780,104
2017-11-23,104,104,106,29734292,106
2017-11-24,105,104.5,106,23221843,104.5
2017-11-27,104.5,103,105,36176591,103
2017-11-28,103,102,103.5,38065613,102.5
2017-11-29,103,102.5,103.5,28629341,103
2017-11-30,102,100,102.5,78634259,100
2017-12-01,100,98,100.5,81223414,99.099998
2017-12-04,98.5,98,99.300003,43262887,99
2017-12-05,97.800003,95.5,97.900002,90850366,95.599998
2017-12-06,93.5,93,94.5,98881764,93
2017-12-07,93.599998,93,94.300003,40280653,93.599998
2017-12-08,93.199997,92.5,94.300003,44832781,93.599998
2017-12-11,95.699997,95.599998,97.300003,72634921,96
2017-12-12,96,94,96,50297573,94.099998
2017-12-13,93.5,93.300003,94.099998,36103878,93.699997
2017-12-14,94.099998,94.099998,95.5,30755585,94.900002
2017-12-15,94.5,93.5,94.599998,49501401,93.5
2017-12-18,94.5,93.599998,94.5,18299455,93.599998
2017-12-19,93.099998,91.199997,93.5,68473899,91.199997
2017-12-20,90.5,90.5,92.699997,39504087,92.699997
2017-12-21,93,92.300003,93.099998,20805116,92.300003
2017-12-22,92.900002,92.400002,92.900002,17238420,92.900002
2017-12-25,93,92.099998,93.199997,12571283,92.099998
2017-12-26,92,90.5,92.099998,26648261,91.199997
2017-12-27,91.699997,91.5,92.199997,21235232,92.199997
2017-12-28,93.199997,92.900002,94.699997,40029166,94.300003
2017-12-29,94.699997,94.599998,95.300003,37670190,95.199997
